titulli,id,kategoria
Lutfi Haziri rrëfen prapaskenat e negociatave me VV-në,881937,Lajme
"Teuta Gashi, edukatorja e dyshuar për rrahjen e fëmijës në Prishtinë",881933,Lajme
"Ratkoceri i përgjigjet Ibrahimit: Duel po, bile në TV Shenja",881921,Lajme
"Stuhia në Evropë: Viktima, fluturimet e anuluara, ndërprerje e rrymës",880883,Bota
Dëshmitari i mbrojtur: Në Siri kemi bërë ushtrime ushtarake,880877,Bota
"“Po më qan shpirti”, publikohen pamjet para rrëmbimit të këngëtarit të tallavasë",881501,CultBiz&Review
"Modelja e famshme HABIT publikun, bën tatuazh në ballë emrat e dy djemve të saj",881484,CultBiz&Review
"Robert Berisha i shpreh pëlqimin moderatores së njohur, por shihni si ia kthen ajo",881479,CultBiz&Review
"U kap me lëndë narkotike, zbardhet deklarata e parë e modeles Oriola Marashi",881455,CultBiz&Review
“Pse zgjohem unë në mëngjes dhe jo ime bijë?”- Vanessa Bryant kujton vajzën dhe bashkëshortin,881451,CultBiz&Review
Alketa Vejsiu e revoltuar: Drejtori i RTSH të japë shpjegime! Isha kundër Arilenës që në fillim,881404,CultBiz&Review
"Keisi feston ditëlindjen, Stresi bën veprimin e papritur",881398,CultBiz&Review
I penduar që u lidh me Loredanën? Mozzik hap zemrën pas ndarjes,881392,CultBiz&Review
A do të rikthehet Memli Krasniqi në muzikë?,881320,CultBiz&Review
Vetëm edhe dy ditë kohë – regjisori i ri kosovar në prag të realizimit të ëndrrës,881039,CultBiz&Review
Nusja e Mc Kreshës tregon për herë të parë barkun e rrumbullakosur,881012,CultBiz&Review
Roberti habit të gjithë: Kjo do ndodh nëse Nora bën duet me Tunën,880670,CultBiz&Review
Kjo është lista e plotë e fituesve në ‘Oscars 2020’,880488,CultBiz&Review
"‘Unë kam kënduar nga shpirti, kurrë s’kam menduar as si po dukem e as ç’kam veshur’",880313,CultBiz&Review
Alketa Vejsiu tregon ëndrrën e çuditshme që pa tri vite më parë në gjumë: Jam me shumë fat,880289,CultBiz&Review
Alban Ramosaj publikon foto intime me modelen e njohur,880266,CultBiz&Review
Dhurata Dora tund rrjetin me këtë vallëzim,880225,CultBiz&Review
Tomi dhe Xheri: 80 vjet nga beteja e maces dhe miut,880209,CultBiz&Review
"Trëndafila të kuq ku shkruhet ‘Të dua’ dhe unazë në gisht, çfarë po ndodh me Çiljetën dhe portierin Hoxha?",880131,CultBiz&Review
Rita Ora: Asnjëherë nuk do ta harroj prejardhjen time,880107,CultBiz&Review
"Kanceri më vdekjeprurës i femrës, është e rëndësishme ta zbuloni me kohë",880845,Life
Nganjëherë është mirë të injorosh kolegët,880468,Life
Kaq kushton një statujë  e “Oscar“,880324,Life
7 ushqimet që rregullojnë aktivitetin e zorrëve,880319,Life
"Cila është më e preferueshme, kafja turke apo ekspreso?",880301,Life
Ndikimi i frutave në largimin e vajit të tepërt në fytyrë,880287,Life
Fuqia e frutave dhe perimeve me ngjyrë të kuqe,880274,Life
Përfitimet shëndetësore nga çokollata e zezë,877803,Life
Çdo 9 sekonda zbulohet një rast i ri i kancerit në BE,876868,Këshilla
Zbuloni gurët ende pa i dëmtuar veshkat: Këto janë simptomat e sëmundjes,876863,Këshilla
Teknologjia e re parandalon shoferët të ngatërrojnë frenat dhe gazin,876859,Këshilla
5 arsyet pse duhet të hani fruta në mëngjes,876555,Life
Shërimi i acarimit të fytit në mënyrë natyrale,876033,Life
10 sinjalet e fshehta që ju dërgon trupi kur ka nevojë për ndihmë,875994,Life
Këto viruse janë më vdekjeprurëse se korona,875798,Life
Asteroidi që zhduku dinozaurët krijoi ambientin për zhvillimin e baktereve,874600,Life
Analiza e koronavirusit – shfaqet një mister që kërkon reagim urgjent,874442,Life
Helmi artificial i gjarprit mund të shpëtojë shumë jetë,874438,Life
Sjelljet tuaja të pazakonshme që tregojnë se jeni më inteligjent se sa që mendoni,872890,Life
Për kaq kohë skadojnë produktet e makup-it,872179,Life
"Edukatorja e dyshuar për incidentin me fëmijën në Prishtinë, ishte përkujdesur për princin e Arabisë",881904,Lajme
Ish deputeti i PDK-së e kërcënon drejtorin e bordit të “Ibër-Lepencit”: Do të kesh punë me mua,881909,Lajme
Manchester City po e synon yllin evropian të momentit,881911,Sport
Ramush Haradinaj flet për padinë e Edi Ramës: Po me vjen marre…,881906,Lajme
Flet nëna e fëmijës që u rrah nga edukatorja: Ja si e kuptuam që ma keqtrajtonin djalin,881901,Lajme
Ylli televiziv britanik reklamon tangat e zeza me veshje transparente,881897,CultBiz&Review
"Shkoi e zhveshur në festë, ja çfarë shkruajnë mediat e huaja për Bleona Qeretin",881888,CultBiz&Review
Paditën 23 prindër nga komuna e Kamenicës që i ndaluan fëmijët nga shkolla,881886,Lajme
Zëdhënësi i Emisarit Grenell ripërsërit qëndrimin për heqjen e taksës,881882,Lajme
"Njeriu i PDK-së që u shpërblye me pozitë në ATK, e quan “krofne” Vjosa Osmanin",881874,Lajme
Haradinaj: Kurti bëri gabim që e emëroi Konjufcën ministër të Jashtëm,881876,Lajme
Kryeministri Kurti emëron Avni Zogianin zv/ministër të Infrastrukturës,881870,Lajme
"Albin Kurti flet për vizitën në Shqipëri, e quan ceremoniale",881865,Lajme
PDK-ja vazhdon kapjen e shtetit – miku i Besim Beqajt emërohet shef i hetimeve në ATK,881853,Lajme
Lajm shumë i keq për Barcelonën,881845,Sport
Albin Kurti nesër shfuqizon vendimin e Haradinajt për rritje të pagës së vet,881841,Lajme
"Vrasja e ushtarëve, ja si e shkatërroi Siria ushtrinë e Erdoganit [pamje]",881834,Lajme
Manchester City po e synon yllin evropian të momentit,881911,Sport
Lajm shumë i keq për Barcelonën,881845,Sport
Piatek është “ekspert” i shkarkimit të trajnerëve,881785,Sport
Guardiola te Juventusi? Kjo është kërkesa e tij e parë,881731,Sport
"Ramos vazhdon të bëjë ligjin, këto janë rekordet e tij",881622,Sport
Ekipi i boksit nis misionin për kualifikim në LO “Tokio 2020”,881635,Sport
"Zyrtare: Pas 10 javësh në krye, Klinsmann dorëhiqet përmes Facebookut",881529,Sport
"Toronto e mund Minnesotan, fitojnë edhe Bucks ndaj Sacramento",881466,Sport
"Këtë fundjavë, GO+ nisë garën e madhe të skijimit në Brezovicë",881420,Biznes
Mediat në Angli e zbulojnë se Guardiola mund të kalojë te gjiganti evropian,881359,Sport
"Pas largimit nga Roma, kjo është puna e re e Francesco Tottit",881342,Sport
Ylli i Kosovës pranë kalimit te skuadra e madhe kroate,881266,Sport
Nesër fillon Final 8 i Kupës së Kosovës – gjithçka që duhet të dini,881258,Sport
"E bujshme, skuadra që po garon për titull futet në garë për Muriqin",881224,Sport
Fenerbahce i cakton çmimin Manchester Unitedit për Muriqin,881197,Sport
Lajm i madh për Kosovën – ja kur kthehet Arbër Zeneli,881161,Sport
Mbrojtësi i kombëtares shqiptare në radarin e katër gjigantëve të Evropës,881133,Sport
"Kosova, me tre garues në Evropianin e mundjes",881083,Sport
“Messi s’do të ishte në gjendje të luajë në Premierligë”,881068,Sport
E pabesueshme sa bileta janë shitur brenda dy orëve në Rahovec për “Final 8”,881021,Sport
Ky është anglezi që e mposhti koronavirusin,881492,Bota
"SHBA, Akuza ndaj Kinës për pirateri",881459,Bota
Trump kërcënon: Do ta bëjë armën më të fuqishme nukleare në botë,881443,Bota
"​Trump sikur Nostradamusi, parashikon fundin e koronavirusit",881294,Bota
"1018 numri i viktimave të coronavirusit, shënohet rekord ditor",881290,Bota
"Kina i largon nga detyra disa zyrtarë, shkak coronavirusi",881284,Bota
Brenda jahtit mbresëlënës që Bill Gates e bleu për 600 milionë dollarë [foto],881239,Bota
"Shikoni çfarë sherri fillojnë disa kamionistë në Itali, njëri prej tyre shqiptar",881125,Bota
Pamje të tmerrshme nga Koronavirusi – shikoni si “paketohen” njerëzit në Kinë,881097,Bota
Pamje të rënda – momenti kur policia vret ushtarin tajlandez,881089,Bota
"“Stuhia Ciara”, pamje të tmerrshme të Aeroplanit që s’mundi të aterrojë as për herën e pestë",881047,Bota
"​Biznesmeni i infektuar shpërndan virusin, qindra vetë nën testime",881032,Bota
​KE kërkon falje për deklaratën e Borrell për Greta Thunberg,881001,Bota
"Presidenti kinez shfaqet në publik pas një kohe të gjatë, nuk i shpëton kontrollit për virus",880997,Bota
Historia e vajzës që si 14-vjeçare u përdhunua dhe videot e sulmit dolën në një faqe të filmave për të rritur,880972,Bota
KE kërkon sërish falje për komentet e Borrellit rreth “sindromës Greta”,880954,Bota
"​Britania: Koronavirusi, kërcënim serioz",880927,Bota
Forcat e SHBA po ndërtojnë bazë të re në veri të Sirisë,880918,Bota
Nis rigjykimi për keqpërdorim pozite ndaj ish-zyrtarit të Bankës Ekonomike,882403,Lajme
Guardiola i befason të gjithë: Ja pse jam i suksesshëm,882408,Sport
"Aksident i rëndë në Rahovec- Vetura godet kamionin e mbeturinave, lëndohen dy persona",882390,Lajme
"Regjisori nga Los Angelesi që beson se Tupacu është gjallë, do të xhirojë film për “ikjen e tij”",882382,CultBiz&Review
Këto janë të gjitha vendimet që sot i mori Qeveria Kurti,882385,Lajme
​Tërmet i fuqishëm godet Japoninë,882380,Bota
Bajqinovci i gëzohet vendimit të Qeverisë për të mos ia vazhduar mandatin e plotë drejtorit të Doganës,882370,Lajme
Vendimi i Albin Kurtit për uljen e pagave “përjashtoi” Prokurorët dhe Gjyqtarët – Albulena Haxhiu tregon arsyen,882372,Lajme
Kobe Bryant dhe vajza e tij janë varrosur javën e kaluar,882322,CultBiz&Review
Kurti pritet të ballafaqohet për herë të parë me Vuçiqin në Berlin,882336,Lajme
​Protestuesit e kërkojnë që Albin Kurti të shkojë në Stantërg,882364,Lajme
"Pas Vjosa Osmanit, tani ministri i VV-së e largon fotografinë e Presidentit Thaçi",882357,Lajme
Besnik Bislimi shpallë të hapur konkursin për pozitën e Drejtorit të Doganës së Kosovës,882350,Lajme
"Drejtori tërheq nga shalli mësimdhënësen e shkollës, rasti shkon në Polici",882339,Lajme
FIFA krijon fond për të ndihmuar lojtarët që nuk paguhen nga klubet që shuhen,882344,Sport
"Ish-ministri Mustafa për skandalin e gazit: S`kam çka prononcohem, ju po dini ma shumë se rregulloret",882314,Lajme
"Asgjë s’është ‘Bentley’ i Morena Tarakut, çka është ‘G-Class Brabus-i’ shumëmilionësh i Ronaldos",882327,CultBiz&Review
Lama i reagon Pacollit për paralajmërimin për padi: Është e dukshme se ka pasur shkelje ligjore,882328,Lajme
Qeveria ndau mjete financiare për Istogun dhe Pejën,882307,Lajme
Khloe Kardashian i la nën hije motrat në ndejën e Beyonce dhe Jay Z,882308,CultBiz&Review
FIFA krijon fond për të ndihmuar lojtarët që nuk paguhen nga klubet që shuhen,882344,Sport
"Dita e dytë e Final 8, këto janë ndeshjet që zhvillohen sot",882243,Sport
"Harden magjik për Houston, Clippers ngecin në fushën e Philadelphias [Video]",882207,Sport
Kobe dhe Gianna u varrosën javën e kaluar – zbulohen detajet,882124,Sport
Ferrari e zbulon makinën e re për 2020 – pamje,882118,Sport
Ky është ​çiklisti që xhiroi live vdekjen e Kobe Bryant,882073,Sport
"Milan synon talentin me origjinë boshnjake, por i trembet çmimit të tij",882010,Sport
"Yaya Toure i trembet koronavirusit, largohet nga Kina",881940,Sport
Soros paralajmëron: Presidenti i Kinës paraqet kërcënim për BE,882279,Bota
"Rastet e koronavirusit bien, ekspertët nuk pajtohen",882266,Bota
SHBA i bën thirrje Kinës të pranojë ndihmën amerikane për koronavirusin,882197,Bota
Mediet: CIA dhe BND së bashku kanë përgjuar 120 shtete,882188,Bota
Irlanda Veriore miraton ligjin e martesave me të njëjtin gjini,882109,Bota
"​Shpërthim në një zyrë postare në Amsterdam, në pyetje letra-bombë?",882085,Bota
Ishulli në skajin e botës ku mund të flini vetëm në një vend të caktuar,882065,Bota
"​Serish në Hënë, amerikanët kërkojnë ende para",882036,Bota
Sëmundja e shkaktuar nga koronavirusi tash ka një emër të ri,881807,Bota
Së paku shtatë të vdekur nga stuhia Ciara në Evropë,881690,Bota
Maduro: Venezuela do t’i padisë SHBA në Gjykatën Ndërkombëtare të Drejtësisë,881684,Bota
Disa të vrarë nga sulmi në një akademi ushtarake në Afganistan,881660,Bota
Erdogan thotë se qeveria siriane do të paguajë çmimin e sulmeve në Idlib,881627,Bota
Nju Hempshër në prag të zgjedhjeve paraprake të demokratëve,881618,Bota
Merr qentë në takime për t’i frikësuar liderët: Fakte rreth Vladimir Putin,881590,Bota
​Krizë e re familjare në mbretërinë britanike,881571,Bota
Turqia thotë se ka “neutralizuar” 101 ushtarë sirianë,881566,Bota
"Asgjë s’është ‘Bentley’ i Morena Tarakut, çka është ‘G-Class Brabus-i’ shumëmilionësh i Ronaldos",882327,CultBiz&Review
Khloe Kardashian i la nën hije motrat në ndejën e Beyonce dhe Jay Z,882308,CultBiz&Review
Arbenita merr vëmendje me pozat e reja teksa shfaqet me të brendshme,881985,CultBiz&Review
"Vajzë kaq joshëse si kjo modele shqiptare, s’keni parë moti",881997,CultBiz&Review
"Artisti i makijazhit, James Charles transformohet si Dua Lipa – ngjashmëria e tyre është ‘e frikshme’",881972,CultBiz&Review
"Stresi uron ish-të dashurën për ditëlindje, a janë rikthyer sërish bashkë?",881966,CultBiz&Review
"Tayna bën ndryshimin e ri në dukje, kthehet sërish në rozë",881778,CultBiz&Review
Alketa Vejsiu tregon se si arriti dhe nëse pagoi për në Sanremo,881691,CultBiz&Review
Pija që shpëton nga vrasësi i heshtur,882044,Life
"Shoku i dhomës së Astrit Deharit, nga arratia ka një kërkesë për Albulena Haxhiun",882664,Lajme
Albin Kurti emëron edhe një zëvendësministër,882660,Lajme
"Pas publikimit të audio incizimit, reagon për herë të parë Morena Taraku",882653,CultBiz&Review
“Dardanët” gati për ndeshjen me Islandën,882562,Sport
"A do të ketë sigurime shëndetësore, tregon ministri i ri i Shëndetësisë",882646,Lajme
Rrëfehet babai i djalit që u keqtrajtua në çerdhe: Isha i shqetësuar për gjendjen e tij,882642,Lajme
Kina e lanson aplikacionin që zbulon koronavirusin,882638,Bota
Ministrat e Haradinajt do të marrin paga edhe për një vit,882630,Lajme
“E bëre “Sanremo-n” sikur ke shkuar në Mars”: Alketa Vejsiu i mbyll gojën komentuesit,882631,CultBiz&Review
Erza Muqolli së shpejti me koncert në Prishtinë,882620,CultBiz&Review
"Reagon Razije Musa, edukatorja që u filmua duke ‘shkundur’ fëmijën",882623,Lajme
Kosova duhet të ishte e fundit prej nga qeveria shqiptare do të merrte armë për të helmuar popullin,882619,OP-ED
"Historia tronditëse e vajzës me katër gjokse, që tentoi vetëvrasjen",882605,Lifestyle
"Aksident i rëndë trafiku, lëndohen pesë persona",882609,Lajme
Bizneset e Kosovës hezitojnë të shesin produkte serbe edhe nëse hiqet taksa,882606,Lajme
Rrëfimi prekës i fëmijëve që i mbijetuan eksplozivit në Zhur: Polici që u vra na shpëtoi,882601,Lajme
Keqtrajtimi i fëmijëve në “Cambridge Kids” – reagon Ministria e Arsimit,882598,Lajme
Adriana Matoshi ju dhuron super shpërblime sot në TapQuiz; Luaj dhe fito,882594,Biznes
Policia konfiskon arsenal armësh në Pejë,882590,Lajme
Glauk Konjufca pret ambasadorin amerikan Philip Kosnett,882586,Lajme
“Dardanët” gati për ndeshjen me Islandën,882562,Sport
"Lajme të kqija për Lazion, Lulic mungon ndaj Interit",882568,Sport
Ziyech te gjiganti anglez për 50 milionë euro,882523,Sport
"Koronavirusi, shtyhet gara e Çmimit të Madh të Kinës",882484,Sport
"Feronikeli është gjysmëfinalisti i fundit, mposhti Lirinë në çerekfinale",882463,Sport
"Si e përfitoi villën 500 mijë euro në “Rolling Hills”, drejtoresha e Raiffeisen Bank",882754,Lajme
Kurti godet Ramën: Minischengeni Ballkanik është Jugosllavia e katërt,882748,Lajme
"Pas Shqipërisë, Albin Kurti do ta vizitojë Gjermaninë",882750,Lajme
Dy personat që tmerruan një familje në Istog dënohen me 10 vjet burg,882745,Lajme
Kjo është artistja që shkoi me rroba të vjetra në Oscars,882741,CultBiz&Review
Fotografi që tregojnë më së mirë atësinë,882735,Këshilla
Policia e Kosovës reagon pas sulmit ndaj aktivistëve në UP,882729,Lajme
Gazetarja Ilda Bejleri aksidenton rëndë 64-vjeçaren dhe largohet nga vendngjarja,882727,Lajme
Aktivisti që u sulmua në Fakultetin Filozofik: Logjika thotë se ata janë njerëz të Saimir Manes,882710,Lajme
"E bujshme, kampioni evropian kërkon mbrojësin shqiptar",882719,Sport
"Aksident në Lipjan, vetura godet një vajzë",882716,Lajme
"Shefja e BE-së në Kosovë i shkon në zyrë Agim Veliut, ja për çka diskutuan",882712,Lajme
Bashkëshortja e Mendim Rugovës reagon për shkarkimin e burrit të saj,882706,Lajme
Edhe kështu luhet në Spanjë! ,882701,Sport
Sulm brutal ndaj studentëve kosovarë që diskutonin për gjendjen e tmerrshme të punëtorëve të biznesmenit miliarder,882690,Lajme
Dafina publikon “Merri Krejt” me një klip interesant,882684,CultBiz&Review
Dokumentari i ri që po çmend njerëzit: Tupac është gjallë dhe ndodhet në këtë vend,882687,CultBiz&Review
"Flet nëna e djalit që dyshohet se u rrah në çerdhe: Djali refuzonte të shkonte në çerdhe, qante natën",882685,Lajme
"“S’jam tradhtare e kombit”, Rina Balaj sqaron edhe një herë origjinën e të dashurit",881507,CultBiz&Review
"E bujshme, kampioni evropian kërkon mbrojësin shqiptar",882719,Sport
Edhe kështu luhet në Spanjë! ,882701,Sport
"Ushtronte dhunë në familje, arrestohet babai i aktores së njohur",882680,CultBiz&Review
“Çmenduri” në Gjilan – profesori ia qeth flokët nxënësit para shokëve të klasës,882762,Lajme
"Sigal Prishtina eliminohet nga Final 8, Ylli kalon në gjysmëfinale",882759,Sport
Kurti emëron Jusuf Thaçin zevendës ministër të Arsimit,883259,Lajme
"Rrënohet një objekt në Prishtinë, paraqiste rrezik për banorët",883255,Lajme
"Kërkohet paraburgim për dy persona në Suharekë, e mashtruan një turk",883247,Lajme
​Bajrami premton se politika nuk do të ndërhyjë në punën e universiteteve,883249,Lajme
Këngëtari që humbi qindra-mijëra euro si sakrificë për vizat dhe që me vullnet paguan tatime,883243,Lajme
Franca nuk e përjashton Huawein nga rrjeti 5G,883239,Biznes
Rina Balaj thotë se nuk është tradhtare e kombit,883234,CultBiz&Review
"Gati për sulm, luftëtaret anti-ISIS kafshojnë lepuj dhe gjarpërinj të gjallë",883231,Bota
"Derisa Serbia pretendon se është në rrugë kah BE, ajo vazhdon të armatoset nga Rusia",883227,Lajme
"Nuk votohet për komisionet, Osmani thërret mbledhje të kryesisë",883223,Lajme
Kërkohet paraburgim për dy edukatoret e “Cambridge Kids”,883215,Lajme
"U kthye në fushë pas operacionit në zemër, flet lojtari i Ajaxit",883211,Sport
Uran Ismaili: Nuk po e kuptoj si ndryshuan parimet,883204,Lajme
Mbi 3 milionë rusë nuk udhëtuan për shkak të borxheve më 2019,883198,Bota
Zyrtari i AAK-së e krahason Vjosa Osmanin me Linda Morinen,883190,Lajme
Senati çon përpara rezolutën që kufizon veprimet e Trumpit kundër Iranit,883068,Bota
Presidenti Thaçi injoron ftesën e kryeministrit Kurti,883180,Lajme
Nexhmije Pagarusha kishte kërkuar mos ta shfaqnin asnjëherë “Bareshën” – Reagon deputeti i PDK-së,883170,Lajme
"Koronavirusi, ylli i Manchester United pezullohet nga stërvitja",883168,Sport
Mergim Lushtaku tregon pse e vendosi fotografinë e Thaçit në Kuvend,883162,Lajme
"U kthye në fushë pas operacionit në zemër, flet lojtari i Ajaxit",883211,Sport
"Koronavirusi, ylli i Manchester United pezullohet nga stërvitja",883168,Sport
"Lakers lider në Perëndim, Doncic udhëheq Dallasin",883024,Sport
"NBA ‘minierë’ parash, ja cilat janë skuadrat më të pasura",882972,Sport
"Milan – Juventus, ndeshja që thyen rekordin dhe tejkalon parashikimet",882849,Sport
"Napoli mposht Interin, është shumë afër finales ",882826,Sport
Guardiola parashikon shkarkimin,882780,Sport
Rivali i vjetër i Angela Merkelit kandidat për trashëgimtarin e saj,883057,Bota
"E mbajti 31 vjet si skllave seksi, në shtëpi kishte gruan dhe vajzën",883036,Bota
OKB-ja miraton rezolutën për armëpushim në Libi,882905,Bota
Zbulohet virusi i ri misterioz në Brazil,882888,Bota
"Ky është njeriu më i vjetër në botë, lexoni detaje nga jeta e tij",882835,Bota
Tronditen blerësit – gruaja me veshje erotike kalon përmes qendrës tregtare,882791,Bota
​BE paralajmëron: Konflikt i mundshme midis forcave ruse dhe turke,882515,Bota
Kinezët i mbrojnë kafshët nga koronavirusi me maska dhe gota të letrës,882511,Bota
SHBA akuzon Rusinë për një incident me satelitë në hapësirë,882507,Bota
Sanders: Ky është fillimi i fundit të Donald Trump,882497,Bota
SHBA: Strategji e re e kundërzbulimit,882457,Bota
Putin dhe Erdogan diskutojnë për konfliktin në Siri,882453,Bota
Koronavirusi: Evakuohet banka e Singaporit,882445,Bota
"U shoqërua nga policia, Ilda Beljeri sqaron aksidentin: Gruaja u rrëzua vetë, unë ndalova",883100,CultBiz&Review
Aksidentoi 64-vjeçaren – Ilda Bejleri shoqërohet në polici,882919,CultBiz&Review
Labi e publikon këngën e parë pas humbjes së postit të deputetit,882915,CultBiz&Review
Ilda aksidentoi të moshuarën dhe iku nga vendi i ngjarjes? Zbulohet e vërteta,882801,CultBiz&Review
Ky është shqiptari në videoklipin e Selena Gomez,882795,CultBiz&Review
"U tha se mund të jenë ndarë, Arbenita i shpreh dashurinë Feros me një mënyrë shumë të veçantë",882673,CultBiz&Review
Kylie Jenner tregon figurën mbresëlënëse e veshur me fustan,882538,CultBiz&Review
"Aubameyang posedon LaFerrarin milionësh, por puna e tij paguhet shumë",882533,CultBiz&Review
"Sot është një ndër modelet shqiptare më seksi e më të suksesshme, por shihni si dukej Oriola para se të bëhej e famshme!",882415,CultBiz&Review
Aq shumë e paska pëlqyer Kiara Tito këtë mashkull simpatik saqë e kishte edhe idhull,882402,CultBiz&Review
"U largua nga Shqipëria, Trejsi Sejdini realizon ëndrrën e saj, shihni ku është shfaqur!",882396,CultBiz&Review
Kjo është dhurata speciale e Bebe Rexhës për Rita Orën,882528,CultBiz&Review
Ushqehu shëndetshëm dhe qëndro larg kancerit me fruta arror,883098,Biznes
Me këto metoda largoni poret e zgjeruara nga fytyra,882814,Këshilla
Pamje të tmerrshme nga vjedhja në Istog: Hajnat e torturojnë pronarin e dyqanit,883527,Lajme
Wilder “gozhdon” Furyn para rimeçit,883519,Sport
​Presidenti Thaçi takim zyrtar me ambasadorin Grenell,883509,Lajme
Chelsea largon katër futbollistë,883504,Sport
Arrestohet kryesuesi i Bordit të Drejtorëve të Trafikut Urban në Prishtinë,883498,Lajme
"Për çka po hetohet zyrtari i MPB-së, Lufti Menxhiqi?",883476,Lajme
"Albin Kurti u organizoi koktej në ditën e tyre, ashkalinjët nuk i shkojnë",883484,Lajme
"Rruga Besi – Podujevë, me dinamikë të përshpejtuar të punimeve",883479,Lajme
"Thaçi lajmërohet nga Gjermania, tregon çfarë qëndrimi do të mbajë në Konferencën e Mynihut",883467,Lajme
Fotografia e Thaçit përfundon tek ulëset e PDK-së,883466,Lajme
Kuvendi voton formimin e 14 komisioneve parlamentare,883459,Lajme
"Pas ardhjes së Ziyech, këta janë katër futbollistët që do t’i largojë Chelsea",883452,Sport
U promovua monografia “Futbolli i Kosovës 1919-2019” i autorit Azem Brovina,883362,Sport
Ushtria amerikane përsëri aktivizon “V Corps”,883443,Bota
Në aeroport e Prishtinës janë kontrolluar 12 persona të dyshimtë për koronavirus,883438,Lajme
Dokumenti i Prokurorisë – Për çka po hetohet kryeinspektori i MPB-së Arben Mustafa?,883432,Lajme
"Flet gruaja që pretendon se u përplas nga Ilda Bejleri: Do e kisha falur, vetëm të ndalonte",883427,CultBiz&Review
Klea Huta e shqetësuar pasi dikush ka ndërhyrë në privatësinë e saj,883421,CultBiz&Review
PSD ia kujton Kurtit deklaratat e rënda të Albulena Haxhiut kur Shpend Ahmeti e takonte Hashim Thaçin,883417,Lajme
"Fero pozon i zhveshur nga banjo, zbulon tatuazhet që ka në trup",883415,CultBiz&Review
Wilder “gozhdon” Furyn para rimeçit,883519,Sport
Chelsea largon katër futbollistë,883504,Sport
U promovua monografia “Futbolli i Kosovës 1919-2019” i autorit Azem Brovina,883362,Sport
"Pas ardhjes së Ziyech, këta janë katër futbollistët që do t’i largojë Chelsea",883452,Sport
"Premier League: Rrezikohet anulimi i xhiros së ardhshme, kjo është arsyeja",883358,Sport
Zyrtare: Gjilani përforcohet me sulmuesin e krahut,883323,Sport
Zyrtare: Hakim Ziyech futbollist i Chelseat,883297,Sport
Letrat e dashurisë që Dritëroi i dërgonte Sadijes në vitet ’60,884229,Kulturë
"Jahjaga në Mynih, flet për barrierat gjinore të grave në pozita udhëheqëse",884232,Lajme
"U lansua më 2010, vetëm tani është përhapur në masë të madhe – disa fakte për “Coin Master”",884225,Biznes
Shefi i Facebook-ut “i lumtur që do t’i paguajë më shumë taksa Evropës“,884220,Biznes
Facebook po eksperimenton me një aplikacion të ngjashëm me Pinterest,884216,Biznes
Shfrytëzuesit e Apple Watch tani mund t’i dërgojë të dhënat e ushtrimeve direkt në Strava,884212,Biznes
Thirrje urgjente qeverisë Kurti,883882,OP-ED
"Koronavirusi, përfundon karantina për studenten Silva Doçi",884202,Lajme
Lajm i shkëlqyer për Real Madridin ,884204,Sport
Policia e Kosovës kërkon ndihmë për të kapur Bashkim Hotin,884193,Lajme
"​“Kosova e Serbia janë bllokuar, shkak elita politike e të dyja vendeve”",884196,Lajme
ATK suspendon dy zyrtarë që u kapën për marrje ryshfeti në Fushë Kosovë,884184,Lajme
Setien: Ja pse e grumbullova Manajn në skuadrën e parë,884188,Sport
Albini Kurti e Glauku Konjufca udhëtojnë për në Mynih bashkë me Hashimin,884179,Lajme
Kështu duket virusi kinez,884168,Bota
"Ditëlindja e Kosovës, Donald Trump ka një urim të veçantë",884165,Lajme
"Pamje të tmerrshme, momenti kur luani i detit kafshon 25-vjeçaren",884150,Bota
"PSD sulmon ashpër Kurtin: Po fshihet, ka zgjedhur “politikën e strucit”",884151,Lajme
"Policia kërkon ndihmën: Nëse e shihni këtë person, na lajmëroni menjëherë",884146,Lajme
Klopp jep lajmin e keq për Xherdan Shaqirin,884143,Sport
Lajm i shkëlqyer për Real Madridin ,884204,Sport
Setien: Ja pse e grumbullova Manajn në skuadrën e parë,884188,Sport
Klopp jep lajmin e keq për Xherdan Shaqirin,884143,Sport
Publikohet lista e Kombëtares së Kosovës,884117,Sport
Ja çfarë poston Vedat Muriqi për Shën Valentin ,884069,Sport
Ish futbollisti i Barcelonës: Messi i fsheh problemet e klubit,884018,Sport
Fury flet hapur: Ky boksier e ka grushtin më të fuqishëm,883945,Sport
Kjo është dita kur do të tërhiqet shorti për gjysmëfinalet e Kupës së Kosovës,883907,Sport
Lojtari i Barcelonës del hapur: Dua të luaj me Cristiano Ronaldon,883839,Sport
"Fitoi Sociedadi, kështu u vlerësua Januzaj",883780,Sport
"Dikur luante për Milanin e Juventusin, tash për ekipin në Serie C",883776,Sport
Sot prezantohet trajneri i Përfaqësueses së Kosovës,883769,Sport
Pioli nuk përmbahet pas barazimit ndaj Juventusit,883756,Sport
Ish gjyqtari italian tregon a ishte penalti rasti i Ronaldos,883748,Sport
Futbollisti shqiptar ndërron skuadër,883714,Sport
Milan e Juventus luajnë baras në ndeshjen e parë të Kupës,883701,Sport
Arteta flet rreth akuzave të Emery në drejtim të tij,883691,Sport
KB Peja kualifikohet në finale të Kupës së Kosovës,883666,Sport
Paratici flet për të ardhmen e Sarrit e Ronaldos,883633,Sport
"Formacionet zyrtare, AC Milan-Juventus",883600,Sport
Barr: Trumpi ma bënë punën të pamundur,883941,Bota
"Trump sulmon ish shefin e stafit, John Kelly",883937,Bota
"​“Është e detyrueshme të biesh në dashuri”, dhurata e veçantë e kryetarit të komunës për Shën Valentinë",883865,Bota
"Tragjike: Vajza 6 vjeçare që ishte rrëmbyer, gjendet e vdekur",883721,Bota
Karantinë totale – kështu i fusin autoritetet kineze në kuti izolimi qytetarët e preku nga virusi,883590,Bota
Kandidatët e moderuar diskualifikohen nga gara zgjedhore në Iran,883395,Bota
Bezos blen shtëpi në Los Angjelos me çmim rekord prej 165 milionë dollarëve,883382,Bota
Turqia do të përdorë dhunë kundër forcave të Assadit nëse e shkelin armëpushimit,883365,Bota
"Shkëmbim zjarri në qendër të Athinës, një person i vrarë",883353,Bota
Facebook bashkëpunon me Reutersin për verifikim të postimeve,883343,Bota
​Kim Jong-un ekzekuton zyrtarin për shkak të koronavirusit,883318,Bota
"Shkon në 1,350 numri i të vdekurve nga koronavirusi i ri",883310,Bota
Billie Eilish konfirmon performimin e kolonës zanore të James Bond në BRITs me një performancë orkestrale,883695,CultBiz&Review
"Jenniher Hudson nderon Kobe Bryant, do të performojë në ndeshjen e 16 shkurtit",883661,CultBiz&Review
Morena Taraku reagon sërish pas publikimit të bisedave,883658,CultBiz&Review
Zbulohet identiteti i vajzës që u shfaq në krahët e Capital T,883650,CultBiz&Review
"I kishin fshirë të gjitha fotot bashkë, Arbenita pozon sërish në krahët e Feros",883450,CultBiz&Review
"Sherr për një femër, reperi i njohur sulmon me gotë shampanje një person",883400,CultBiz&Review
Arbenita Ismajli e fotografon të dashurin zhveshur – foto,883384,CultBiz&Review
"“I love you more”, thërret aktorët në audicion",883276,CultBiz&Review
"Klienti nuk ka gjithmonë të drejtë, njihuni me kërkesat më absurde",883405,Këshilla
Arrestohet një person për armëmbajtje pa leje,885460,Lajme
Një i vrarë e katër të plagosur në një klub nate,885452,Bota
"Reagim i ashpër edhe nga OVL-UÇK-së në Pejë: Fatmire, ti assesi të largohesh nga tradita jugosllave",885448,Lajme
Qosja përkrah idenë Thaçi-Vuçiq për shkëmbim territoresh: Do të zgjidhej përgjithmonë problemi Kosovë – Serbi,885443,Lajme
Ekspozitë dhe aktivitete tjera për personalitet që ndikuan për Pavarësia e Kosovës,885438,Lajme
Borrelli jep sinjale se dialogu Kosovë – Serbi do të nisë shpejt,885434,Lajme
​Mattarella-Thaçit: Kosova mund të llogarisë në Italinë,885427,Lajme
"Përfundojnë pjesët e para: Drita – Gjilani, Flamurtari – Trepça’89, Dukagjini – Llapi",885426,Sport
​Elezi: S’ka ende asnjë aplikim për t’u certifikuar për zgjedhjet në Podujevë,885423,Lajme
"Kushërirat që dikur nuk flisnin, bashkë e bëjnë ‘nxehtë’ në një klub nate në Greqi",885418,CultBiz&Review
"Tolaj i AAK-së: Lavdërimi i Kurtit, përmes poshtërimit të UÇK-së duke cituar analistin serb, i turpshëm dhe i ulët njëkohësisht",885414,Lajme
​Sot pritet shpërndarja e Kuvendit të Maqedonisë së Veriut,885411,Lajme
Kurti merr mbështetjen kroate për liberalizim të vizave,885407,Lajme
Deputeti i VV-së: Nuk do të lejojmë të trajtohet prona publike si plaçkë,885404,Lajme
Ky është kandidati i Vetëvendosjes për kryetar të Podujevës,885401,Lajme
"Drita vs Gjilani, Flamurtari vs Trepça’89, Dukagjini vs Llapi",885394,Sport
Koreografia që po cilësohet si më e mira për Pavarësinë e Kosovës e bërë në sheshin e Prishtinës,885390,Lajme
Ministrja Haxhiu reagon pas arrestimit të oficerit që përdoruri marihuanë,885386,Lajme
Kurti tregon pse ka rezerva për marrëveshjet e nënshkruara në Mynih,885383,Lajme
"Aksident në autostradën Prishtinë-Fushë Kosovë, lëndohen rëndë katër persona",885379,Lajme
Mourinho flet për zhvillimet e fundit në Angli dhe për Tottenhamin në Champions,885371,Sport
Messi vazhdon të thyej rekorde negative,885333,Sport
Super derbi na pret sot në Superligë,885306,Sport
Klopp pyetet për dënimin e Cityt – ky është reagimi i tij,885277,Sport
Messi e Griezmann bëhen “horë” para Ter Stegen,885263,Sport
"Mane e kupton këtë gjë nga gazetari, ky është reagimi i tij epik",885253,Sport
‘NBA All Star’: Nuk bën t’i humbisni ngulitjet nga kjo garë spektakolare,885242,Sport
"Klopp: Diferenca me rivalët është e pabesueshme, nuk e kuptoj si e kemi bërë",885169,Sport
Klopp e tepron me këto fjalë për Juventusin,885143,Sport
Bashkimi fiton Kupën e Kosovës në basketboll,885091,Sport
Publikohen fotografi nga vendi i varrimit të Kobe Bryant dhe vajzës së tij ,885035,Sport
Skandal në Ligën Premiere,885023,Sport
Rey Manaj tërbon serbët,884897,Sport
Gani Sejdiu “shpërthen” pas humbjes së thellë nga Ballkani,884929,Sport
Trajneri i Atalantas: Guardiola më ka vjedhur planin e lojës së futbollit,884849,Sport
"Përfundojnë pjesët e para – Ballkani vs Drenica, Prishtina vs Vushtrria, Ferizajt vs Feronikeli",884838,Sport
"Gjilani forcon skuadrën me një futbollist, një ditë para ndeshjes me Dritën",884729,Sport
"Ballkani vs Drenica, Prishtina vs Vushtrria",884705,Sport
"Ylli – Peja, sonte luhet finalja e Kupës",884623,Sport
Guardiola: Do të jap dorëheqje,884605,Sport
"Vrau nënën, vëllain dhe plagosi babain, arrestohet 17-vjeçari",885282,Bota
"​Koronavirusi, 1669 viktima dhe mbi 69 000 të prekur në mbarë botën",885250,Bota
"Gjermania shpall armik Trumpin: Rendi botëror rrezikohet nga SHBA-ja, Kina e Rusia",885211,Bota
Lavrov thotë se fitorja e Assadit është “e pashmangshme” në Idleb,885190,Bota
Mbrojtja imunitare e lakuriqëve bën që viruset e tyre të jenë vrasëse për njerëzit,885179,Bota
"“Jam Greta Thunberg”, Bernie Sanders bie në kurthin e komikëve rusë",885161,Bota
Gazetarja qesh me lot kur lexon lajmin për rritjen e pensioneve,885109,Bota
"Koronaviursi, pse u shkarkuan dy zyrtarët e lartë në Kinë?",885100,Bota
"Erdogan e telefonon Trumpin, mësohen detajet e bisedës",885050,Bota
OBSH: Të gjitha vendet të jenë në gatishmëri – s’mund të parashikohet përhapja e koronavirusit,885047,Bota
Beqarët festojnë më mirë Shën Valentinin,885027,Bota
Fëmijët në Siri po vdesin nga acari,884960,Bota
Kina dezinfekton paratë për shkak të koronavirusit,884840,Bota
"Tanket e ushtrisë ruse formojnë zemrën, për propozimin e dashurisë",884843,Bota
"Të rinjtë çmenden për Shën Valentin, plasin skenat erotike në rrugë",884827,Bota
Konfirmohet vdekja e parë nga koronavirusi në Europë,884696,Bota
"143 viktima të tjera nga koronavirusi, Pekini merr një vendim",884530,Bota
"Zhduken 2 gazetarë në Kinë, tregonin të vërtetën për atë që ndodh në Wuhan",884466,Bota
"Banda futet në sallën e gjyqit dhe liron bosin, vriten policët",884399,Bota
Bashkëshortja i bën dedikim prekës Kobe Bryantit,885293,CultBiz&Review
Tuna dhe Patrisi i japin fund lidhjes?,885227,CultBiz&Review
"E njohu në “Facebook”, djali i shpreh live në studio dashurinë vajzës, por nuk i shkon siç e priste",885194,CultBiz&Review
"La AKR-në, Labi habit me deklaratën e tij për Behgjet Pacollin",885132,CultBiz&Review
“Ramush Haradinaj e ka zërin më të mirë se shumë artistë tjerë në skenë”,885121,CultBiz&Review
Labinot Tahiri habit me deklaratën e tij: Premtimi për heqjen e mjekrës ka qenë për gallatë,885095,CultBiz&Review
Labinot Tahiri e ‘bënë horë’ Taynan: Nuk i dëgjoj këto që nuk dinë me këndu,885086,CultBiz&Review
Labinot Tahiri flet për Donald Trump: Është si një gjysh i jemi,885079,CultBiz&Review
Labinot Tahiri këndon këngën më të re në mes të emisionit,885062,CultBiz&Review
"Martohen për Shën Valentin, burri i dhuron tortë me pen*s politikanes shqiptare",885015,CultBiz&Review
"Rina Balaj ndryshon totalisht pamjen, reperja mezi njihet",884996,CultBiz&Review
Lei Kraja tregon marrëdhënien me futbollistët: Dashurinë e vërtetë s’do ta refuzoja as nga një i panjohur,884958,CultBiz&Review
"E mbajti të fshehur gjatë, zbulohet kush është burri miliarder i Alketa Vjesiut",884939,CultBiz&Review
"U ndanë për një kohë të gjatë, ribashkohet çifti më i dashur i showbizit",884927,CultBiz&Review
Shyhrete Behluli rrëfehet me emocion: Kështu ma zuri babai fotografinë me Lulin,884892,CultBiz&Review
"Aspak dashuri, zbulohen letrat e Princit Filip për Princeshën Diana",884800,CultBiz&Review
"Bashkëshorti probleme me drejtësinë, Angela Martini shfaqet pas një viti krah tij",884778,CultBiz&Review
Tuna dhe Patrisi i japin fund lidhjes?,884776,CultBiz&Review
"Këngëtarët shqiptar të frymëzuar nga festa e dashurisë, 6 këngë u publikuan dje",884761,CultBiz&Review
Gjiko bën tatuazh për Elitën me domethënjen më të ëmbël,884675,CultBiz&Review
Letra juaj e preferuar do ju japë një mesazh nxitës për këtë moment të jetës,884920,Life
4 shenjat që dysheku dhe kolltuku juaj kanë insekte dhe ka ardhur koha t’i ndërroni,884848,Life
5 dhimbje shqetësuese që ju bëjnë të mendoni se keni probleme me dhëmbët,884830,Life
Ky është urimi për 12 vjetorin e pavarësisë nga Toni Kuka dhe kampionet e xhudos,886414,Sport
Molliqaj komenton vizitën e Kurtit te varri i Rugovës – ka një epitet për të,886411,Lajme
Ish-ministri Malaj fyen kosovarët që ndihmuan Durrësin: Italianët janë gjithë të parët që gjenden pranë nesh,886406,Lajme
Bërnabiq: Serbia do t’i japë 2 milionë euro nga zemra për Shqipërinë,886402,Lajme
Sërish tërmet në Shqipëri,886398,Lajme
"Eskalon një koncert në Pakistan, qytetarët futen me bileta të rrejshme",886394,Bota
“Shpërthen” një tjetër virus në Evropë – preket ky shtet,886390,Bota
Një gotë alkool në ditë ua ofron këto benefite jetës tuaj,886370,Lajme
"Kosova i fillon përgatitjet – deklarohen përzgjedhësi Marmarinos, Hajrizi e Kastrati",886375,Sport
​Thaçi: Ushtria e Kosovës synon objektiva të reja,886382,Lajme
Dënohet me burg të përjetshëm kosovari që shkaktoi aksidentin fatal në Gjermani,886291,Lajme
"Tayna publikon mesazhet private, çfarë mendon babai i saj kur ajo “çmendet” në koncerte",886371,CultBiz&Review
Ministri rus i Mbrojtjes vizitoi Serbinë – Vulin flet për ushtrinë e Kosovës,886365,Lajme
"Fjalimi që i ngriti të gjithë në këmbë, çka tha Rugova para shpalljes së Pavarësisë ",886317,Lajme
​Shikoni si fluturon me veturë vozitësja e dehur,886357,Bota
"Në ditë feste, zjarrfikësit e Kosovës në krye të detyrës",886349,Lajme
Plas skandali i radhës te Barcelona – klubi del me komunikatë,886352,Sport
Vajza bie nga dritarja në Brezovicë pasi tentoi të bënte video ‘perfekte’,886345,Lajme
Nesër mblidhet Kryesia e Kuvendit,886339,Lajme
Sabile Keçmezi merr çmimin Kombëtar Letrar për vepër jetësore “Azem Shkreli”,886334,Kulturë
Ky është urimi për 12 vjetorin e pavarësisë nga Toni Kuka dhe kampionet e xhudos,886414,Sport
"Kosova i fillon përgatitjet – deklarohen përzgjedhësi Marmarinos, Hajrizi e Kastrati",886375,Sport
Plas skandali i radhës te Barcelona – klubi del me komunikatë,886352,Sport
Futbollisti kosovar e merr lejen nga FIFA për të luajtur për Malajzinë,886274,Sport
Guardiola flet për herë të parë që kur Man City u dënua nga UEFA,886228,Sport
Lirim Kastrati firmos me Dinamon e Zagrebit,886190,Sport
Ky është orari i xhiros së 19-të – derbi në Podujevë,886168,Sport
Trajneri nga kampionati italian godet me shuplak lojtarin e vet,886145,Sport
"Presidenti i FFK-së, Ademi me mesazh të fuqishëm me rastin e përvjetorit të pavarësisë së Kosovës",886108,Sport
Lorik Cana me urim të veçantë për 12 vjetorin e Pavarësisë,886045,Sport
Superkompjuteri parashikon ndeshjet e 1/8-es në Ligën e Kampionëve,885974,Sport
Mbyllet ndeshja e yjeve në NBA,885928,Sport
"Manchester United në zi, ndërron jetë legjenda e klubit",885903,Sport
Debat i “nxehtë” mes Munishit e Lecit,885886,Sport
Klopp: Kjo skuadër dua ta fitojë titullin në Serie A,885878,Sport
"Eskalon kryetari i KB Rahovecit: Derisa të jem kryetar i klubit, asnjë tifoz i Yllit apo Pejës nuk do të shkelë në ‘Mizahir Isma’",885863,Sport
Rrahmani: “Besojmë në kualifikim në ‘Euro 2020’”,885837,Sport
Lazio e përmbys Interin dhe ngjitet në pozitën e dytë [Video],885803,Sport
Reali dështon në ‘Santiago Bernabeu’ – por ruan pozitën e liderit,885800,Sport
Kombëtarja e Kosovës nesër grumbullohet për ndeshjet para-kualifikuese të Botërorit,885715,Sport
Trump: Rusia të ndalojë mbështetjen e mizorive në Idlib,886101,Bota
Shanset për një marrëveshje gjithëpërfshirëse mes SHBA dhe Talebanëve,886097,Bota
Stoltenberg: BE nuk mundet pa NATO-n ta mbrojë Evropën,886092,Bota
"Konfiskohen 5,8 tonë rekorde të kokainës në Kostarikë",886066,Bota
Projekti i “çmendur” i Erdoganit – një kanal i ri që lidh Detin e zi dhe atë të Marmarasë,886059,Bota
Rouhani: Irani nuk do të gjunjëzohet para presionit amerikan,886029,Bota
Josep Borrell: BE duhet të dëshmojë “oreks për pushtet”,886025,Bota
Dy aeroplanë të mbushur me qindra shtetas amerikan janë larguar nga anija e lundrimit në Japoni,885980,Bota
"Orban: Evropa nuk është në Bruksel, nuk jemi të detyruar t’i pëlqejmë elitës së lodhur",886012,Bota
Zbulohet grupi që planifikonte sulme në xhami,886005,Bota
Goditet me raketa një bazë e koalicionit amerikan në Bagdad,885983,Bota
"Dikur priste personazhe të famshëm, sot një qytet “fantazmë” në Qipro",885858,Bota
"Fuqia e stuhisë Ciara në Skoci, era ngre në ajër ujëvarën",885821,Bota
"Mrekulli, foshnja e lindur nga nëna me koronavirus nuk mbart virusin vdekjeprurës",885807,Bota
"Ngjarje makabër në Greqi, ekzaminimi mjekësor zbulon abuzimin seksual tek foshnja e vdekur nga Siria",885682,Bota
​Shkencëtarët kinezë tregojnë origjinën e koronavirusit,885663,Bota
Koronavirusi: Shkencëtari parashikon numrin e frikshëm të vdekjeve në Mbretërinë e Bashkuar,885659,Bota
"Gjyshja takon për herë të parë njeri me ngjyrë, reagimi i saj bëhet hit në rrjetet sociale",885636,Bota
​OKB: Situata në Libi shumë shqetësuese,885586,Bota
Është 50-vjeçare por me këto fotografi Jennifer Lopez duket si 20 vjeçe,886086,CultBiz&Review
Genta Ismajli shtatzënë? Kjo foto dëshmon gjithçka,886030,CultBiz&Review
"Ledri Vula fotografohet gjysmë i zhveshur në banjo, porsa del nga dushi",885943,CultBiz&Review
"Zbulohet çmimi marramendës i fustanit të Marinës, ja vajzat e Hollywood-it që e kanë veshur",885910,CultBiz&Review
​Rita Ora ka një porosi për njerëzit,885784,CultBiz&Review
​Astrologu i princeshës Diana paralajmëron për Meghan,885773,CultBiz&Review
"Edhe në mbrëmjen e dedikuar të dashuruarve, Loredana kapet mat me reperin e njohur",885692,CultBiz&Review
Stresi po martohet?,885647,CultBiz&Review
"Ishte në arrati, bashkëshorti i Angela Martinit u dorëzohet autoriteteve",885611,CultBiz&Review
"Në prag të përvjetorit të Pavarësisë së Kosovës, Gold AG sjell këngën e re",885595,CultBiz&Review
Oriola Marashi vazhdon me provokimet e saj: Ja çfarë fjalësh formon me gjoksin e saj,885503,CultBiz&Review
A u nda nga Tuna? – Patrisi jep përgjigjen përfundimtare,885480,CultBiz&Review
Skeleti i kafshës misterioze gjendet në bregdet: A është ky përbindëshi Loh Ness,886038,Life
​Kini kujdes prej tyre: 5 manipuluesit më të mëdhenj në Zodiak,885769,Life
​Ushqimet që nuk guxoni t’i kombinoni,885765,Life
​Zbulohet misteri: Çfarë ëndërrojnë qentë?,885761,Life
